{"name":"9a535e93-395c-43b9-8e21-9d6a51f5c416","id":"/providers/Microsoft.Flow/flows/9a535e93-395c-43b9-8e21-9d6a51f5c416","type":"Microsoft.Flow/flows","properties":{"apiId":"/providers/Microsoft.PowerApps/apis/shared_logicflows","displayName":"refresh dataset kontrola spendu","definition":{"metadata":{"workflowEntityId":null,"processAdvisorMetadata":null,"flowChargedByPaygo":null,"flowclientsuspensionreason":"None","flowclientsuspensiontime":null,"flowclientsuspensionreasondetails":null,"creator":{"id":"c2e8a15c-8f2a-41ff-bb6d-f7dcc0a48891","type":"User","tenantId":"5873a5ee-9356-4f23-8c32-4984fb19fff3"},"provisioningMethod":"FromDefinition","failureAlertSubscription":true,"clientLastModifiedTime":"2024-02-24T20:19:57.0399134Z","connectionKeySavedTimeKey":"2024-08-24T18:52:46.439645Z"},"$schema":"https://schema.management.azure.com/providers/Microsoft.Logic/schemas/2016-06-01/workflowdefinition.json#","contentVersion":"1.0.0.0","parameters":{"$authentication":{"defaultValue":{},"type":"SecureObject"},"$connections":{"defaultValue":{},"type":"Object"}},"triggers":{"When_a_file_is_modified_(properties_only)":{"recurrence":{"frequency":"Minute","interval":1},"metadata":{"6e202211-2856-4d17-9ded-5beb8b8626b0":"/","b!bVF3vwL7PUWzP1ju46K3P8QugaowwL5PueMw59webnq5ffMSfymyQaz4LytFpf3e.01LQGCP6UVTC4K2OJYQZHJSSMOF2KVYJFK":"/Dokumenty/reporty/vystupy"},"type":"OpenApiConnection","inputs":{"parameters":{"folderId":"b!bVF3vwL7PUWzP1ju46K3P8QugaowwL5PueMw59webnq5ffMSfymyQaz4LytFpf3e.01LQGCP6UVTC4K2OJYQZHJSSMOF2KVYJFK"},"host":{"apiId":"/providers/Microsoft.PowerApps/apis/shared_onedriveforbusiness","connectionName":"shared_onedriveforbusiness","operationId":"OnUpdatedFilesV2"},"authentication":"@parameters('$authentication')"}}},"actions":{"For_each":{"foreach":"@triggerOutputs()?['body']","actions":{"Set_variable":{"type":"SetVariable","inputs":{"name":"nazev_souboru","value":"@item()?['DisplayName']"}},"Condition":{"actions":{"refresh_kontrola_spendu":{"runAfter":{"Zpoždění":["Succeeded"]},"type":"OpenApiConnection","inputs":{"parameters":{"groupid":"f3857bc1-c089-4082-a6f9-198d6cdacfed","datasetid":"39d8fe2f-abb5-402c-91c8-2cb3faa3aad9"},"host":{"apiId":"/providers/Microsoft.PowerApps/apis/shared_powerbi","connectionName":"shared_powerbi","operationId":"RefreshDataset"},"authentication":"@parameters('$authentication')"}},"refresh_kontrola_spendu_scorecard":{"runAfter":{"Zpoždění_1":["Succeeded"]},"type":"OpenApiConnection","inputs":{"parameters":{"groupid":"f3857bc1-c089-4082-a6f9-198d6cdacfed","datasetid":"0ebafc27-55c7-4aa5-986a-48cbfa0d994a"},"host":{"apiId":"/providers/Microsoft.PowerApps/apis/shared_powerbi","connectionName":"shared_powerbi","operationId":"RefreshDataset"},"authentication":"@parameters('$authentication')"}},"Send_an_email_(V2)":{"runAfter":{"refresh_kontrola_spendu_scorecard":["Succeeded"]},"type":"OpenApiConnection","inputs":{"parameters":{"emailMessage/To":"rozkosny@ccmgroup.cz","emailMessage/Subject":"Aktualizováno - kontrola_spendu","emailMessage/Body":"<p><span style=\"white-space: pre-wrap;\">Aktualizovány datasety kontrola_spendu</span></p>","emailMessage/Importance":"Normal"},"host":{"apiId":"/providers/Microsoft.PowerApps/apis/shared_office365","connectionName":"shared_office365","operationId":"SendEmailV2"},"authentication":"@parameters('$authentication')"}},"Refresh_a_dataflow":{"type":"OpenApiConnection","inputs":{"parameters":{"workspaceType":"Workspace","groupIdForRefreshDataflow":"f3857bc1-c089-4082-a6f9-198d6cdacfed","dataflowIdForRefreshDataflow":"9203f6dd-5277-4c91-8da7-b682cfac2bf9"},"host":{"apiId":"/providers/Microsoft.PowerApps/apis/shared_dataflows","connectionName":"shared_dataflows","operationId":"RefreshDataflow"},"authentication":"@parameters('$authentication')"}},"Zpoždění":{"runAfter":{"Refresh_a_dataflow":["Succeeded"]},"type":"Wait","inputs":{"interval":{"count":1,"unit":"Minute"}}},"Zpoždění_1":{"runAfter":{"refresh_kontrola_spendu":["Succeeded"]},"type":"Wait","inputs":{"interval":{"count":1,"unit":"Minute"}}}},"runAfter":{"Set_variable":["Succeeded"]},"else":{"actions":{}},"expression":{"and":[{"contains":["@variables('nazev_souboru')","kontrola_spendu"]}]},"type":"If"}},"runAfter":{"Initialize_variable":["Succeeded"]},"type":"Foreach"},"Initialize_variable":{"runAfter":{},"type":"InitializeVariable","inputs":{"variables":[{"name":"nazev_souboru","type":"string"}]}}},"outputs":{}},"connectionReferences":{"shared_onedriveforbusiness":{"connectionName":"shared-onedriveforbu-55da086b-fb08-4633-9667-75fa6352a6b8","source":"Embedded","id":"/providers/Microsoft.PowerApps/apis/shared_onedriveforbusiness","tier":"NotSpecified"},"shared_powerbi":{"connectionName":"shared-powerbi-2a0a751d-1b86-4650-a877-463a-a1f4ebd8","source":"Embedded","id":"/providers/Microsoft.PowerApps/apis/shared_powerbi","tier":"NotSpecified"},"shared_office365":{"connectionName":"shared-office365-2dfe4d5e-ee65-442f-9915-69dd-e8b4b9b8","source":"Embedded","id":"/providers/Microsoft.PowerApps/apis/shared_office365","tier":"NotSpecified"},"shared_dataflows":{"connectionName":"shared-dataflows-8a40ea92-b1ee-4e88-9100-1d35f6362a7e","source":"Embedded","id":"/providers/Microsoft.PowerApps/apis/shared_dataflows","tier":"NotSpecified"}},"flowFailureAlertSubscribed":false,"isManaged":false}}